global_rollout,chunk,rollout,timesteps,reward_total,coverage_ratio,collision,episode_final_coverage_ratio,episode_final_collision,episode_final_steps,chunk_level,chunk_name,map_seed,run_seed,chunk_timesteps_target,action_override_rate,episode_done_count,reward_area,reward_coll,reward_const,reward_overlap,reward_turn,reward_tv_g,reward_tv_i
1,1,1.0,128.0,0.12169892638921737,0.018423038229376257,0.0,,,,1,easy,101,101,256,0.0,0.0,0.515625,0.0,-0.10000000000000002,-0.048437499999999994,-0.034375,0.0,-0.21111357361078262
2,1,2.0,256.0,0.09286920130252835,0.044980822434607645,0.0,,,,1,easy,101,101,256,0.0,0.0,0.3671875,0.0,-0.10000000000000002,-0.06328125,-0.037109375,0.0,-0.07392767369747164
3,2,1.0,128.0,0.11007970944046974,0.01728338782696177,0.0,,,,1,easy,102,102,256,0.0,0.0,0.4375,0.0,-0.10000000000000002,-0.05625,-0.033984375,0.0,-0.13718591555953025
4,2,2.0,256.0,0.12833952754735944,0.04658419265593561,0.0,,,,1,easy,102,102,256,0.0,0.0,0.53125,0.0,-0.10000000000000002,-0.046875,-0.032421874999999996,0.0,-0.22361359745264053
