rollout,timesteps,reward_area,reward_tv_i,reward_tv_g,reward_coll,reward_const,reward_turn,reward_overlap,reward_total,coverage_ratio,collision,action_override_rate,episode_done_count,episode_final_coverage_ratio,episode_final_collision,episode_final_steps
1.0,128.0,0.515625,-0.21111357361078262,0.0,0.0,-0.10000000000000002,-0.034375,-0.048437499999999994,0.12169892638921737,0.018423038229376257,0.0,0.0,0.0,,,
2.0,256.0,0.3671875,-0.07392767369747164,0.0,0.0,-0.10000000000000002,-0.037109375,-0.06328125,0.09286920130252835,0.044980822434607645,0.0,0.0,0.0,,,
