rollout,timesteps,reward_area,reward_tv_i,reward_tv_g,reward_coll,reward_const,reward_turn,reward_overlap,reward_total,coverage_ratio,collision,action_override_rate,episode_done_count,episode_final_coverage_ratio,episode_final_collision,episode_final_steps
1.0,128.0,0.4375,-0.13718591555953025,0.0,0.0,-0.10000000000000002,-0.033984375,-0.05625,0.11007970944046974,0.01728338782696177,0.0,0.0,0.0,,,
2.0,256.0,0.53125,-0.22361359745264053,0.0,0.0,-0.10000000000000002,-0.032421874999999996,-0.046875,0.12833952754735944,0.04658419265593561,0.0,0.0,0.0,,,
