{
  "rollouts": [
    {
      "rollout": 1.0,
      "timesteps": 128.0,
      "reward_area": 0.515625,
      "reward_tv_i": -0.21111357361078262,
      "reward_tv_g": 0.0,
      "reward_coll": 0.0,
      "reward_const": -0.10000000000000002,
      "reward_turn": -0.034375,
      "reward_overlap": -0.048437499999999994,
      "reward_total": 0.12169892638921737,
      "coverage_ratio": 0.018423038229376257,
      "collision": 0.0,
      "action_override_rate": 0.0,
      "episode_done_count": 0.0
    },
    {
      "rollout": 2.0,
      "timesteps": 256.0,
      "reward_area": 0.3671875,
      "reward_tv_i": -0.07392767369747164,
      "reward_tv_g": 0.0,
      "reward_coll": 0.0,
      "reward_const": -0.10000000000000002,
      "reward_turn": -0.037109375,
      "reward_overlap": -0.06328125,
      "reward_total": 0.09286920130252835,
      "coverage_ratio": 0.044980822434607645,
      "collision": 0.0,
      "action_override_rate": 0.0,
      "episode_done_count": 0.0
    }
  ],
  "track_keys": [
    "reward_area",
    "reward_tv_i",
    "reward_tv_g",
    "reward_coll",
    "reward_const",
    "reward_turn",
    "reward_overlap",
    "reward_total",
    "coverage_ratio",
    "collision"
  ]
}