rollout,timesteps,reward_area,reward_tv_i,reward_tv_g,reward_coll,reward_const,reward_total,coverage_ratio,collision
1.0,32.0,0.1875,-0.025,0.0,-4.375,-0.1,-4.3125,0.0009637404580152672,0.4375
2.0,64.0,0.1875,-0.05883883088827134,0.0,-4.6875,-0.1,-4.658838830888271,0.0014980916030534353,0.46875
