rollout,timesteps,reward_area,reward_tv_i,reward_tv_g,reward_coll,reward_const,reward_total,coverage_ratio,collision
1.0,32.0,0.53125,-0.24419417083263398,0.0,-1.5625,-0.1,-1.375444170832634,0.0017652671755725192,0.15625
2.0,64.0,0.3125,-0.09785533547401429,0.0,-1.875,-0.1,-1.760355335474014,0.0037309160305343514,0.1875
