rollout,timesteps,reward_area,reward_tv_i,reward_tv_g,reward_coll,reward_const,reward_total,coverage_ratio,collision
1.0,64.0,0.28125,-0.09343591853976249,0.0,-2.96875,-0.09999999999999999,-2.8809359185397625,0.0024666030534351143,0.296875
2.0,128.0,0.421875,-0.041919428110122677,0.0,-1.25,-0.09999999999999999,-0.9700444281101226,0.010391221374045802,0.125
