rollout,timesteps,reward_area,reward_tv_i,reward_tv_g,reward_coll,reward_const,reward_total,coverage_ratio,collision
1.0,64.0,0.515625,-0.17285532876849174,0.0,-0.15625,-0.09999999999999999,0.08651967123150826,0.005548664122137404,0.015625
2.0,128.0,0.28125,-0.032008266448974615,0.0,-1.09375,-0.09999999999999999,-0.9445082664489743,0.01196087786259542,0.109375
