{
  "rollouts": [
    {
      "rollout": 1.0,
      "timesteps": 64.0,
      "reward_area": 0.359375,
      "reward_tv_i": -0.08017768487334251,
      "reward_tv_g": 0.0,
      "reward_coll": -1.40625,
      "reward_const": -0.09999999999999999,
      "reward_total": -1.2270526848733425,
      "coverage_ratio": 0.054126794258373204,
      "collision": 0.140625
    },
    {
      "rollout": 2.0,
      "timesteps": 128.0,
      "reward_area": 0.078125,
      "reward_tv_i": -0.01249999925494194,
      "reward_tv_g": 0.0,
      "reward_coll": -1.5625,
      "reward_const": -0.09999999999999999,
      "reward_total": -1.5968749992549418,
      "coverage_ratio": 0.1051883971291866,
      "collision": 0.15625
    },
    {
      "rollout": 3.0,
      "timesteps": 192.0,
      "reward_area": 0.25,
      "reward_tv_i": -0.04801236987113953,
      "reward_tv_g": 0.0,
      "reward_coll": -1.875,
      "reward_const": -0.09999999999999999,
      "reward_total": -1.7730123698711397,
      "coverage_ratio": 0.06511662679425836,
      "collision": 0.1875
    },
    {
      "rollout": 4.0,
      "timesteps": 256.0,
      "reward_area": 0.3125,
      "reward_tv_i": -0.02683058157563209,
      "reward_tv_g": 0.0,
      "reward_coll": -1.25,
      "reward_const": -0.09999999999999999,
      "reward_total": -1.0643305815756319,
      "coverage_ratio": 0.0996561004784689,
      "collision": 0.125
    }
  ],
  "track_keys": [
    "reward_area",
    "reward_tv_i",
    "reward_tv_g",
    "reward_coll",
    "reward_const",
    "reward_total",
    "coverage_ratio",
    "collision"
  ]
}